"title"|"film_language"|"category"|"length"|"rating"|"rental_rate"|"replacement_cost"|"total_earning"
"Telegraph Voyage"|"English             "|"Music"|148|"PG"|4,99|20,99|215,75
"Zorro Ark"|"English             "|"Comedy"|50|"NC-17"|4,99|18,99|199,72
"Wife Turn"|"English             "|"Documentary"|183|"NC-17"|4,99|27,99|198,73
"Innocent Usual"|"English             "|"Foreign"|178|"PG-13"|4,99|26,99|191,74
"Hustler Party"|"English             "|"Comedy"|83|"NC-17"|4,99|22,99|190,78
"Saturday Lambs"|"English             "|"Sports"|150|"G"|4,99|28,99|190,74
"Titans Jerk"|"English             "|"Sci-Fi"|91|"PG"|4,99|11,99|186,73
"Harry Idaho"|"English             "|"Drama"|121|"PG-13"|4,99|18,99|177,73
"Torque Bound"|"English             "|"Drama"|179|"G"|4,99|27,99|169,76
"Dogma Family"|"English             "|"Animation"|122|"G"|4,99|16,99|168,72
"Pelican Comforts"|"English             "|"Documentary"|48|"PG"|4,99|17,99|165,77
"Goodfellas Salute"|"English             "|"Sci-Fi"|56|"PG"|4,99|22,99|164,75
"Fool Mockingbird"|"English             "|"Action"|158|"PG"|4,99|24,99|162,79
"Apache Divine"|"English             "|"Family"|92|"NC-17"|4,99|16,99|160,72
"Enemy Odds"|"English             "|"Music"|77|"NC-17"|4,99|23,99|159,75
"Cat Coneheads"|"English             "|"Comedy"|112|"G"|4,99|14,99|159,73
"Scorpion Apollo"|"English             "|"Drama"|137|"NC-17"|4,99|23,99|158,79
"Range Moonwalker"|"English             "|"Family"|147|"PG"|4,99|25,99|158,77
"Scalawag Duck"|"English             "|"Music"|183|"NC-17"|4,99|13,99|157,71
"Sunrise League"|"English             "|"Animation"|135|"PG-13"|4,99|19,99|155,78
"Lola Agent"|"English             "|"Horror"|85|"PG"|4,99|24,99|154,77
"Maiden Home"|"English             "|"New"|138|"PG"|4,99|9,99|152,78
"Velvet Terminator"|"English             "|"Comedy"|173|"R"|4,99|14,99|152,77
"Closer Bang"|"English             "|"Comedy"|58|"R"|4,99|12,99|152,76
"Bucket Brotherhood"|"English             "|"Travel"|133|"PG"|4,99|27,99|150,72
"Sting Personal"|"English             "|"New"|93|"NC-17"|4,99|9,99|149,8
"Titanic Boondock"|"English             "|"Animation"|104|"R"|4,99|18,99|149,78
"Massacre Usual"|"English             "|"Games"|165|"R"|4,99|16,99|149,75
"Nightmare Chill"|"English             "|"Games"|149|"PG"|4,99|25,99|148,79
"Videotape Arsenic"|"English             "|"Games"|145|"NC-17"|4,99|10,99|148,76
"American Circus"|"English             "|"Action"|129|"R"|4,99|17,99|146,81
"Witches Panic"|"English             "|"Drama"|100|"NC-17"|4,99|10,99|146,75
"Show Lord"|"English             "|"Documentary"|167|"PG-13"|4,99|24,99|145,78
"Minds Truman"|"English             "|"Action"|149|"PG-13"|4,99|22,99|144,81
"Working Microcosmos"|"English             "|"Travel"|74|"R"|4,99|22,99|144,78
"Wonderland Christmas"|"English             "|"Sci-Fi"|111|"PG"|4,99|19,99|142,79
"Head Stranger"|"English             "|"Games"|69|"R"|4,99|28,99|142,79
"Whisperer Giant"|"English             "|"Sci-Fi"|59|"PG-13"|4,99|24,99|141,8
"Forrester Comancheros"|"English             "|"Animation"|112|"NC-17"|4,99|22,99|141,74
"Backlash Undefeated"|"English             "|"Children"|118|"PG-13"|4,99|24,99|140,84
"Dorado Notting"|"English             "|"Music"|139|"NC-17"|4,99|26,99|140,78
"Boogie Amelie"|"English             "|"Music"|121|"R"|4,99|11,99|140,74
"Secrets Paradise"|"English             "|"Family"|109|"G"|4,99|24,99|139,82
"Mine Titans"|"English             "|"New"|166|"PG-13"|4,99|12,99|138,83
"Stagecoach Armageddon"|"English             "|"Action"|112|"R"|4,99|25,99|138,77
"Pity Bound"|"English             "|"Drama"|60|"NC-17"|4,99|19,99|138,77
"Streetcar Intentions"|"English             "|"Horror"|73|"R"|4,99|11,99|137,77
"Roses Treasure"|"English             "|"Sports"|162|"PG-13"|4,99|23,99|137,77
"Fellowship Autumn"|"English             "|"Travel"|77|"NC-17"|4,99|9,99|137,76
"Steel Santa"|"English             "|"Classics"|143|"NC-17"|4,99|15,99|136,78
"Confidential Interview"|"English             "|"Music"|180|"NC-17"|4,99|13,99|136,76
"Trip Newton"|"English             "|"Action"|64|"PG-13"|4,99|14,99|135,74
"Flintstones Happiness"|"English             "|"Comedy"|148|"PG-13"|4,99|11,99|134,83
"Garden Island"|"English             "|"Sci-Fi"|80|"G"|4,99|21,99|134,82
"Suit Walls"|"English             "|"Games"|111|"R"|4,99|12,99|134,81
"Eagles Panky"|"English             "|"New"|140|"NC-17"|4,99|14,99|134,81
"Flamingos Connecticut"|"English             "|"New"|80|"PG-13"|4,99|28,99|134,78
"Attraction Newton"|"English             "|"New"|83|"PG-13"|4,99|14,99|133,78
"Trading Pinocchio"|"English             "|"Sports"|170|"PG"|4,99|22,99|133,77
"Heartbreakers Bright"|"English             "|"Children"|59|"G"|4,99|9,99|132,8
"Easy Gladiator"|"English             "|"Action"|148|"G"|4,99|12,99|132,8
"Durham Panky"|"English             "|"Sports"|154|"R"|4,99|14,99|132,76
"Moonshine Cabin"|"English             "|"Games"|171|"PG-13"|4,99|25,99|131,8
"Drifter Commandments"|"English             "|"Action"|61|"PG-13"|4,99|18,99|131,78
"Name Detective"|"English             "|"Games"|178|"PG-13"|4,99|11,99|131,78
"Aladdin Calendar"|"English             "|"Sports"|63|"NC-17"|4,99|24,99|131,77
"Coneheads Smoochy"|"English             "|"Drama"|112|"NC-17"|4,99|12,99|131,76
"Lies Treatment"|"English             "|"Drama"|147|"NC-17"|4,99|28,99|131,76
"Midsummer Groundhog"|"English             "|"Documentary"|48|"G"|4,99|27,99|129,82
"Details Packer"|"English             "|"Games"|88|"R"|4,99|17,99|128,82
"Queen Luke"|"English             "|"Drama"|163|"PG"|4,99|22,99|128,79
"Tourist Pelican"|"English             "|"Sports"|152|"PG-13"|4,99|18,99|126,81
"Kiss Glory"|"English             "|"Foreign"|163|"PG-13"|4,99|11,99|126,79
"Liaisons Sweet"|"English             "|"Travel"|140|"PG"|4,99|15,99|126,79
"Sabrina Midnight"|"English             "|"Children"|99|"PG"|4,99|11,99|126,79
"Seattle Expecations"|"English             "|"Drama"|110|"PG-13"|4,99|18,99|125,8
"Beauty Grease"|"English             "|"Drama"|175|"G"|4,99|28,99|125,79
"Movie Shakespeare"|"English             "|"Family"|53|"PG"|4,99|27,99|125,78
"Gleaming Jawbreaker"|"English             "|"Sports"|89|"NC-17"|2,99|25,99|125,72
"Chance Resurrection"|"English             "|"Sports"|70|"R"|2,99|22,99|124,76
"Calendar Gunfight"|"English             "|"Foreign"|120|"NC-17"|4,99|22,99|123,82
"Heavyweights Beast"|"English             "|"Documentary"|102|"G"|4,99|25,99|123,78
"Satisfaction Confidential"|"English             "|"Sports"|75|"G"|4,99|26,99|122,84
"Yentl Idaho"|"English             "|"Horror"|86|"R"|4,99|11,99|122,79
"Coma Head"|"English             "|"Travel"|109|"NC-17"|4,99|10,99|122,77
"Center Dinosaur"|"English             "|"Classics"|152|"PG"|4,99|12,99|121,79
"Sleeping Suspects"|"English             "|"Horror"|129|"PG-13"|4,99|13,99|121,78
"Princess Giant"|"English             "|"Documentary"|71|"NC-17"|2,99|29,99|121,77
"Pulp Beverly"|"English             "|"Horror"|89|"G"|2,99|12,99|121,74
"Dawn Pond"|"English             "|"Games"|57|"PG"|4,99|27,99|120,83
"Kissing Dolls"|"English             "|"Action"|141|"R"|4,99|9,99|120,83
"Something Duck"|"English             "|"Drama"|180|"NC-17"|4,99|17,99|120,82
"Trap Guys"|"English             "|"Foreign"|110|"G"|4,99|11,99|119,85
"Pinocchio Simon"|"English             "|"Comedy"|103|"PG"|4,99|21,99|119,82
"Rage Games"|"English             "|"Family"|120|"R"|4,99|18,99|119,81
"Bingo Talented"|"English             "|"Sci-Fi"|150|"PG-13"|2,99|22,99|119,75
"Doors President"|"English             "|"Animation"|49|"NC-17"|4,99|22,99|118,82
"Desert Poseidon"|"English             "|"Horror"|64|"R"|4,99|27,99|118,81
"Maltese Hope"|"English             "|"Games"|127|"PG-13"|4,99|26,99|118,79
"Suspects Quills"|"English             "|"Action"|47|"PG"|2,99|22,99|118,73
"Fidelity Devil"|"English             "|"Horror"|118|"G"|4,99|11,99|117,82
"Snatch Slipper"|"English             "|"Comedy"|110|"PG"|4,99|15,99|117,8
"High Encino"|"English             "|"Horror"|84|"R"|2,99|23,99|117,79
"Waterfront Deliverance"|"English             "|"Action"|61|"G"|4,99|17,99|116,84
"Metropolis Coma"|"English             "|"Sci-Fi"|64|"PG-13"|2,99|9,99|116,76
"Network Peak"|"English             "|"Family"|75|"PG-13"|2,99|23,99|116,73
"Hunchback Impossible"|"English             "|"Drama"|151|"PG-13"|4,99|28,99|115,83
"Road Roxanne"|"English             "|"Documentary"|158|"R"|4,99|12,99|115,83
"Beverly Outlaw"|"English             "|"Sci-Fi"|85|"R"|2,99|21,99|115,79
"Freddy Storm"|"English             "|"Horror"|65|"NC-17"|4,99|21,99|115,79
"Conversation Downhill"|"English             "|"Family"|112|"R"|4,99|14,99|114,83
"Cause Date"|"English             "|"Documentary"|179|"R"|2,99|16,99|114,81
"Whale Bikini"|"English             "|"Foreign"|109|"PG-13"|4,99|11,99|113,85
"Lady Stage"|"English             "|"Horror"|67|"PG"|4,99|14,99|113,84
"Redemption Comforts"|"English             "|"New"|179|"NC-17"|2,99|20,99|113,8
"Strictly Scarface"|"English             "|"Comedy"|144|"PG-13"|2,99|24,99|113,77
"Secretary Rouge"|"English             "|"Sports"|158|"PG"|4,99|10,99|112,82
"Agent Truman"|"English             "|"Foreign"|169|"PG"|2,99|17,99|111,81
"Money Harold"|"English             "|"New"|135|"PG"|2,99|17,99|111,8
"Candles Grapes"|"English             "|"Games"|135|"NC-17"|4,99|15,99|111,8
"Mission Zoolander"|"English             "|"Animation"|164|"PG-13"|4,99|26,99|110,84
"Interview Liaisons"|"English             "|"New"|59|"R"|4,99|17,99|110,82
"Prejudice Oleander"|"English             "|"Classics"|98|"PG-13"|4,99|15,99|110,81
"Ridgemont Submarine"|"English             "|"New"|46|"PG-13"|0,99|28,99|110,72
"Teen Apollo"|"English             "|"Travel"|74|"G"|4,99|25,99|109,86
"Shawshank Bubble"|"English             "|"Travel"|80|"PG"|4,99|20,99|109,81
"Horn Working"|"English             "|"Animation"|95|"PG"|2,99|23,99|109,77
"Arachnophobia Rollercoaster"|"English             "|"Horror"|147|"PG-13"|2,99|24,99|109,77
"Butterfly Chocolat"|"English             "|"New"|89|"G"|0,99|17,99|108,74
"Command Darling"|"English             "|"Foreign"|120|"PG-13"|4,99|28,99|107,84
"Ghost Groundhog"|"English             "|"Children"|85|"G"|4,99|18,99|107,81
"Philadelphia Wife"|"English             "|"Sports"|137|"PG-13"|4,99|16,99|107,8
"Scarface Bang"|"English             "|"Children"|102|"PG-13"|4,99|11,99|106,84
"Falcon Volume"|"English             "|"Animation"|102|"PG-13"|4,99|21,99|106,81
"Spice Sorority"|"English             "|"Drama"|141|"NC-17"|4,99|22,99|106,81
"Brooklyn Desert"|"English             "|"Foreign"|161|"R"|4,99|21,99|106,81
"Virtual Spoilers"|"English             "|"Family"|144|"NC-17"|4,99|14,99|105,87
"Galaxy Sweethearts"|"English             "|"Classics"|128|"R"|4,99|13,99|105,84
"League Hellfighters"|"English             "|"Classics"|110|"PG-13"|4,99|25,99|105,83
"Chasing Fight"|"English             "|"Family"|114|"PG"|4,99|21,99|105,82
"Requiem Tycoon"|"English             "|"Classics"|167|"R"|4,99|25,99|105,82
"Secret Groundhog"|"English             "|"Documentary"|90|"PG"|4,99|11,99|105,81
"Reign Gentlemen"|"English             "|"Sci-Fi"|82|"PG-13"|2,99|29,99|105,81
"Driving Polish"|"English             "|"Music"|175|"NC-17"|4,99|21,99|105,81
"Clueless Bucket"|"English             "|"Action"|95|"R"|2,99|13,99|105,77
"Strangers Graffiti"|"English             "|"Horror"|119|"R"|4,99|22,99|104,86
"Breakfast Goldfinger"|"English             "|"New"|123|"G"|4,99|18,99|104,84
"Jerk Paycheck"|"English             "|"Classics"|172|"NC-17"|2,99|13,99|104,81
"Wash Heavenly"|"English             "|"Foreign"|161|"R"|4,99|22,99|104,8
"Truman Crazy"|"English             "|"Action"|92|"G"|4,99|9,99|104,8
"Arizona Bang"|"English             "|"Classics"|121|"PG"|2,99|28,99|104,79
"Hanky October"|"English             "|"Sci-Fi"|107|"NC-17"|2,99|26,99|104,77
"Tycoon Gathering"|"English             "|"Games"|82|"G"|4,99|17,99|103,88
"Sleepless Monsoon"|"English             "|"Animation"|64|"G"|4,99|12,99|103,83
"Million Ace"|"English             "|"Classics"|142|"PG-13"|4,99|16,99|103,83
"Open African"|"English             "|"Sci-Fi"|131|"PG"|4,99|16,99|103,81
"Angels Life"|"English             "|"New"|74|"G"|2,99|15,99|103,8
"Cupboard Sinners"|"English             "|"Documentary"|56|"R"|2,99|29,99|103,78
"Greatest North"|"English             "|"Music"|93|"NC-17"|2,99|24,99|103,73
"Birds Perdition"|"English             "|"New"|61|"G"|4,99|15,99|102,83
"Undefeated Dalmations"|"English             "|"Horror"|107|"PG-13"|4,99|22,99|102,81
"South Wait"|"English             "|"Action"|143|"R"|2,99|21,99|102,79
"Forward Temple"|"English             "|"Games"|90|"NC-17"|2,99|25,99|102,74
"Timberland Sky"|"English             "|"Classics"|69|"G"|0,99|13,99|102,74
"Attacks Hate"|"English             "|"Sci-Fi"|113|"PG-13"|4,99|21,99|101,84
"Paycheck Wait"|"English             "|"Drama"|145|"PG-13"|4,99|27,99|101,84
"Expecations Natural"|"English             "|"Travel"|138|"PG-13"|4,99|26,99|101,83
"Sweden Shining"|"English             "|"Comedy"|176|"PG"|4,99|19,99|101,83
"Tomorrow Hustler"|"English             "|"Classics"|142|"R"|2,99|21,99|101,76
"Samurai Lion"|"English             "|"New"|110|"G"|2,99|21,99|101,76
"Poseidon Forever"|"English             "|"Sports"|159|"PG-13"|4,99|29,99|100,83
"Invasion Cyclone"|"English             "|"Children"|97|"PG"|2,99|12,99|100,74
"Giant Troopers"|"English             "|"Children"|102|"R"|2,99|10,99|100,74
"Confused Candles"|"English             "|"Family"|122|"PG-13"|2,99|27,99|99,84
"Stepmom Dream"|"English             "|"Foreign"|48|"NC-17"|4,99|9,99|99,81
"Knock Warlock"|"English             "|"Comedy"|71|"PG-13"|2,99|21,99|99,79
"English Bulworth"|"English             "|"Sci-Fi"|51|"PG-13"|0,99|18,99|99,74
"Hall Cassidy"|"English             "|"Children"|51|"NC-17"|4,99|13,99|98,84
"Egg Igby"|"English             "|"Documentary"|67|"PG"|2,99|20,99|98,81
"Brotherhood Blanket"|"English             "|"Documentary"|73|"R"|0,99|26,99|98,77
"Thief Pelican"|"English             "|"Animation"|135|"PG-13"|4,99|28,99|97,84
"Jason Trap"|"English             "|"Family"|130|"NC-17"|2,99|9,99|97,77
"Grit Clockwork"|"English             "|"Games"|137|"PG"|0,99|21,99|97,72
"Rocketeer Mother"|"English             "|"Foreign"|178|"PG-13"|0,99|27,99|97,72
"Shock Cabin"|"English             "|"Foreign"|79|"PG-13"|2,99|15,99|96,71
"Jericho Mulan"|"English             "|"Games"|171|"NC-17"|2,99|29,99|95,84
"Inch Jet"|"English             "|"Animation"|167|"NC-17"|4,99|18,99|95,82
"Salute Apollo"|"English             "|"New"|73|"R"|2,99|29,99|95,8
"Gangs Pride"|"English             "|"Animation"|185|"PG-13"|2,99|27,99|95,78
"Hyde Doctor"|"English             "|"Classics"|100|"G"|2,99|11,99|95,76
"Bilko Anonymous"|"English             "|"Family"|100|"PG-13"|4,99|25,99|94,88
"Gold River"|"English             "|"Comedy"|154|"R"|4,99|21,99|94,86
"Mermaid Insects"|"English             "|"Sports"|104|"NC-17"|4,99|20,99|94,85
"French Holiday"|"English             "|"Documentary"|99|"PG"|4,99|22,99|94,84
"Gorgeous Bingo"|"English             "|"Children"|108|"R"|2,99|26,99|94,83
"Peak Forever"|"English             "|"Sports"|80|"PG"|4,99|25,99|94,82
"Fargo Gandhi"|"English             "|"Children"|130|"G"|2,99|28,99|94,79
"Patton Interview"|"English             "|"Horror"|175|"PG"|2,99|22,99|94,79
"Fish Opus"|"English             "|"Sci-Fi"|125|"R"|2,99|22,99|94,78
"Expendable Stallion"|"English             "|"Documentary"|97|"PG"|0,99|14,99|94,74
"Spy Mile"|"English             "|"Games"|112|"PG-13"|2,99|13,99|94,73
"Day Unfaithful"|"English             "|"New"|113|"G"|4,99|16,99|93,88
"Pickup Driving"|"English             "|"Sports"|77|"G"|2,99|23,99|93,85
"Sugar Wonka"|"English             "|"Animation"|114|"PG"|4,99|20,99|93,85
"Bear Graceland"|"English             "|"Children"|160|"R"|2,99|20,99|93,81
"Camelot Vacation"|"English             "|"Sci-Fi"|61|"NC-17"|0,99|26,99|93,76
"Sweethearts Suspects"|"English             "|"Children"|108|"G"|0,99|13,99|93,73
"West Lion"|"English             "|"Drama"|159|"G"|4,99|29,99|92,86
"Hanging Deep"|"English             "|"Drama"|62|"G"|4,99|18,99|92,85
"Core Suit"|"English             "|"Classics"|92|"PG-13"|2,99|24,99|92,84
"Jet Neighbors"|"English             "|"Foreign"|59|"R"|4,99|14,99|92,83
"Hellfighters Sierra"|"English             "|"Foreign"|75|"PG"|2,99|23,99|92,81
"Fatal Haunted"|"English             "|"New"|91|"PG"|2,99|24,99|92,77
"Silverado Goldfinger"|"English             "|"Sci-Fi"|74|"PG"|4,99|11,99|91,88
"Destiny Saturday"|"English             "|"New"|56|"G"|4,99|20,99|91,85
"Balloon Homeward"|"English             "|"Music"|75|"NC-17"|2,99|10,99|91,78
"Dude Blindness"|"English             "|"Sports"|132|"G"|4,99|9,99|90,87
"Wizard Coldblooded"|"English             "|"Music"|75|"PG"|4,99|12,99|90,85
"Ice Crossing"|"English             "|"Games"|131|"R"|2,99|28,99|90,78
"Pure Runner"|"English             "|"Comedy"|121|"NC-17"|2,99|25,99|89,85
"Coldblooded Darling"|"English             "|"Sci-Fi"|70|"G"|4,99|27,99|89,84
"Igby Maker"|"English             "|"Travel"|160|"NC-17"|4,99|12,99|89,83
"Vacation Boondock"|"English             "|"Sci-Fi"|145|"R"|2,99|23,99|89,81
"Memento Zoolander"|"English             "|"Comedy"|77|"NC-17"|4,99|11,99|88,87
"Rocky War"|"English             "|"Drama"|145|"PG-13"|4,99|17,99|88,87
"Candidate Perdition"|"English             "|"Classics"|70|"R"|2,99|10,99|88,82
"Metal Armageddon"|"English             "|"Documentary"|161|"PG-13"|2,99|26,99|88,79
"Idols Snatchers"|"English             "|"Children"|84|"NC-17"|2,99|29,99|88,76
"Telemark Heartbreakers"|"English             "|"Animation"|152|"PG-13"|2,99|9,99|88,76
"Behavior Runaway"|"English             "|"Horror"|100|"PG"|4,99|20,99|87,89
"Bright Encounters"|"English             "|"Drama"|73|"PG-13"|4,99|12,99|87,88
"Flash Wars"|"English             "|"New"|123|"NC-17"|4,99|21,99|87,88
"Hysterical Grail"|"English             "|"Sports"|150|"PG"|4,99|19,99|87,85
"Darn Forrester"|"English             "|"Action"|185|"G"|4,99|14,99|87,83
"Basic Easy"|"English             "|"Travel"|90|"PG-13"|2,99|18,99|87,8
"Color Philadelphia"|"English             "|"Classics"|149|"G"|2,99|19,99|87,78
"Oz Liaisons"|"English             "|"Animation"|85|"R"|2,99|14,99|87,78
"Panky Submarine"|"English             "|"Games"|93|"G"|4,99|19,99|86,88
"Airport Pollock"|"English             "|"Horror"|54|"R"|4,99|15,99|86,85
"Virgin Daisy"|"English             "|"Drama"|179|"PG-13"|4,99|29,99|86,84
"Slacker Liaisons"|"English             "|"Drama"|179|"R"|4,99|29,99|86,84
"Seabiscuit Punk"|"English             "|"Sports"|112|"NC-17"|2,99|28,99|86,76
"Muscle Bright"|"English             "|"Travel"|185|"G"|2,99|23,99|86,73
"Juggler Hardly"|"English             "|"Animation"|54|"PG-13"|0,99|14,99|86,71
"Daisy Menagerie"|"English             "|"Sci-Fi"|84|"G"|4,99|9,99|85,86
"Steers Armageddon"|"English             "|"Sports"|140|"PG"|4,99|16,99|85,85
"Robbers Joon"|"English             "|"Children"|102|"PG-13"|2,99|26,99|85,74
"Conquerer Nuts"|"English             "|"Drama"|173|"G"|4,99|14,99|84,87
"Chicago North"|"English             "|"Games"|185|"PG-13"|4,99|11,99|84,85
"Sea Virgin"|"English             "|"Drama"|80|"PG"|2,99|24,99|84,81
"Alien Center"|"English             "|"Foreign"|46|"NC-17"|2,99|10,99|84,8
"Barbarella Streetcar"|"English             "|"Sci-Fi"|65|"G"|2,99|27,99|84,78
"Married Go"|"English             "|"Sci-Fi"|114|"G"|2,99|22,99|84,74
"Pittsburgh Hunchback"|"English             "|"Family"|134|"PG-13"|4,99|17,99|83,89
"Panther Reds"|"English             "|"Sci-Fi"|109|"NC-17"|4,99|22,99|83,86
"Loser Hustler"|"English             "|"Sports"|80|"PG"|4,99|28,99|83,86
"Sagebrush Clueless"|"English             "|"Documentary"|106|"G"|2,99|28,99|83,86
"Dying Maker"|"English             "|"Comedy"|168|"PG"|4,99|28,99|83,85
"Forrest Sons"|"English             "|"Action"|63|"R"|2,99|15,99|83,83
"Star Operation"|"English             "|"Sports"|181|"PG"|2,99|9,99|83,8
"Affair Prejudice"|"English             "|"Horror"|117|"G"|2,99|26,99|83,79
"Oscar Gold"|"English             "|"Animation"|115|"PG"|2,99|29,99|83,75
"Holiday Games"|"English             "|"Foreign"|78|"PG-13"|4,99|10,99|82,85
"Musketeers Wait"|"English             "|"Classics"|73|"PG"|4,99|17,99|82,85
"Airplane Sierra"|"English             "|"Comedy"|62|"PG-13"|4,99|28,99|82,85
"Casablanca Super"|"English             "|"Travel"|85|"G"|4,99|22,99|82,84
"Hurricane Affair"|"English             "|"Comedy"|49|"PG"|2,99|11,99|82,77
"Paths Control"|"English             "|"Drama"|118|"PG"|4,99|9,99|81,9
"Hanover Galaxy"|"English             "|"Music"|47|"NC-17"|4,99|21,99|81,86
"Campus Remember"|"English             "|"Action"|167|"R"|2,99|27,99|81,83
"Rush Goodfellas"|"English             "|"Family"|48|"PG"|0,99|20,99|81,72
"Peach Innocent"|"English             "|"Sports"|160|"PG-13"|2,99|20,99|80,86
"Dragonfly Strangers"|"English             "|"New"|133|"NC-17"|4,99|19,99|80,86
"Human Graffiti"|"English             "|"Games"|68|"NC-17"|2,99|22,99|80,85
"Orient Closer"|"English             "|"Drama"|118|"R"|2,99|22,99|80,83
"Vanishing Rocky"|"English             "|"Music"|123|"NC-17"|2,99|21,99|80,83
"Wardrobe Phantom"|"English             "|"Drama"|178|"G"|2,99|19,99|80,77
"Operation Operation"|"English             "|"Comedy"|156|"G"|2,99|23,99|80,75
"Betrayed Rear"|"English             "|"Children"|122|"NC-17"|4,99|26,99|79,87
"Edge Kissing"|"English             "|"Drama"|153|"NC-17"|4,99|9,99|79,87
"Bikini Borrowers"|"English             "|"Animation"|142|"NC-17"|4,99|26,99|79,86
"Carol Texas"|"English             "|"Animation"|151|"PG"|2,99|15,99|79,83
"Paradise Sabrina"|"English             "|"Comedy"|48|"PG-13"|2,99|12,99|79,82
"Strangelove Desire"|"English             "|"Children"|103|"NC-17"|0,99|27,99|79,78
"None Spiking"|"English             "|"Sci-Fi"|83|"NC-17"|0,99|18,99|79,75
"Super Wyoming"|"English             "|"Family"|58|"PG"|4,99|10,99|78,88
"Rules Human"|"English             "|"Horror"|153|"R"|4,99|19,99|78,87
"Submarine Bed"|"English             "|"Comedy"|127|"R"|4,99|21,99|78,87
"Groundhog Uncut"|"English             "|"Comedy"|139|"PG-13"|4,99|26,99|78,86
"Devil Desire"|"English             "|"Action"|87|"R"|4,99|12,99|78,86
"Jekyll Frogmen"|"English             "|"New"|58|"PG"|2,99|22,99|78,84
"Intentions Empire"|"English             "|"Animation"|107|"PG-13"|2,99|13,99|78,83
"Murder Antitrust"|"English             "|"Children"|166|"PG"|2,99|11,99|78,79
"Blackout Private"|"English             "|"Animation"|85|"PG"|2,99|12,99|78,77
"Contact Anonymous"|"English             "|"Travel"|166|"PG-13"|2,99|10,99|78,76
"Deer Virginian"|"English             "|"Music"|106|"NC-17"|2,99|13,99|78,76
"Tracy Cider"|"English             "|"Animation"|142|"G"|0,99|29,99|78,76
"Raging Airplane"|"English             "|"Sci-Fi"|154|"R"|4,99|18,99|77,88
"Quills Bull"|"English             "|"Documentary"|112|"R"|4,99|19,99|77,87
"Creepers Kane"|"English             "|"Classics"|172|"NC-17"|4,99|23,99|77,87
"Northwest Polish"|"English             "|"Sports"|172|"PG"|2,99|24,99|77,82
"Flying Hook"|"English             "|"Animation"|69|"NC-17"|2,99|18,99|77,81
"Quest Mussolini"|"English             "|"Action"|177|"R"|2,99|29,99|77,8
"Harper Dying"|"English             "|"Animation"|52|"G"|0,99|15,99|77,8
"Clash Freddy"|"English             "|"Animation"|81|"G"|2,99|12,99|77,77
"Disturbing Scarface"|"English             "|"Sci-Fi"|94|"R"|2,99|27,99|77,77
"Horror Reign"|"English             "|"Travel"|139|"R"|0,99|25,99|77,75
"Lose Inch"|"English             "|"Foreign"|137|"R"|0,99|18,99|77,74
"Model Fish"|"English             "|"Children"|175|"NC-17"|4,99|11,99|76,87
"Tuxedo Mile"|"English             "|"Sports"|152|"R"|2,99|24,99|76,87
"Grinch Massage"|"English             "|"Games"|150|"R"|4,99|25,99|76,86
"Image Princess"|"English             "|"Sports"|178|"PG-13"|2,99|17,99|76,86
"Wanda Chamber"|"English             "|"Games"|107|"PG-13"|4,99|23,99|76,86
"Lawless Vision"|"English             "|"Animation"|181|"G"|4,99|29,99|76,86
"Baked Cleopatra"|"English             "|"Family"|182|"G"|2,99|20,99|76,85
"National Story"|"English             "|"Documentary"|92|"NC-17"|2,99|19,99|76,83
"Sleepy Japanese"|"English             "|"New"|137|"PG"|2,99|25,99|76,83
"Unbreakable Karate"|"English             "|"New"|62|"G"|0,99|16,99|76,81
"Shakespeare Saddle"|"English             "|"Sports"|60|"PG-13"|2,99|26,99|76,8
"Badman Dawn"|"English             "|"Sci-Fi"|162|"R"|2,99|22,99|76,79
"Island Exorcist"|"English             "|"Classics"|84|"NC-17"|2,99|23,99|76,77
"Connecticut Tramp"|"English             "|"Sci-Fi"|172|"R"|4,99|20,99|75,89
"Moonwalker Fool"|"English             "|"Games"|184|"G"|4,99|12,99|75,89
"Deep Crusade"|"English             "|"Documentary"|51|"PG-13"|4,99|20,99|75,87
"Holes Brannigan"|"English             "|"Sports"|128|"PG"|4,99|27,99|75,86
"Searchers Wait"|"English             "|"Comedy"|182|"NC-17"|2,99|22,99|75,86
"Sons Interview"|"English             "|"Animation"|184|"NC-17"|2,99|11,99|75,85
"Blues Instinct"|"English             "|"Family"|50|"G"|2,99|18,99|75,82
"Trojan Tomorrow"|"English             "|"Sci-Fi"|52|"PG"|2,99|9,99|75,82
"Atlantis Cause"|"English             "|"Family"|170|"G"|2,99|15,99|75,79
"Malkovich Pet"|"English             "|"Classics"|159|"G"|2,99|22,99|75,77
"Autumn Crow"|"English             "|"Games"|108|"G"|4,99|13,99|74,9
"Birch Antitrust"|"English             "|"Music"|162|"PG"|4,99|18,99|74,89
"Impossible Prejudice"|"English             "|"Foreign"|103|"NC-17"|4,99|11,99|74,86
"Lust Lock"|"English             "|"Action"|52|"G"|2,99|28,99|74,82
"Flatliners Killer"|"English             "|"Sports"|100|"G"|2,99|29,99|74,81
"Crossroads Casualties"|"English             "|"Animation"|153|"G"|2,99|20,99|74,8
"Escape Metropolis"|"English             "|"Travel"|167|"R"|2,99|20,99|74,77
"Frost Head"|"English             "|"Classics"|82|"PG"|0,99|13,99|74,72
"Thin Sagebrush"|"English             "|"Documentary"|53|"PG-13"|4,99|9,99|73,89
"California Birds"|"English             "|"Sports"|75|"NC-17"|4,99|19,99|73,89
"Pluto Oleander"|"English             "|"New"|84|"R"|4,99|9,99|73,87
"Words Hunter"|"English             "|"Music"|116|"PG"|2,99|13,99|73,86
"Outlaw Hanky"|"English             "|"Travel"|148|"PG-13"|4,99|17,99|73,86
"Wait Cider"|"English             "|"Animation"|112|"PG-13"|0,99|9,99|73,82
"Fantasia Park"|"English             "|"Games"|131|"G"|2,99|29,99|73,81
"Dream Pickup"|"English             "|"Action"|135|"PG"|2,99|18,99|73,8
"Half Outfield"|"English             "|"Family"|146|"PG-13"|2,99|25,99|73,79
"Darko Dorado"|"English             "|"Action"|130|"NC-17"|4,99|13,99|72,9
"Hope Tootsie"|"English             "|"Classics"|139|"NC-17"|2,99|22,99|72,83
"Berets Agent"|"English             "|"Action"|77|"PG-13"|2,99|24,99|72,8
"Downhill Enough"|"English             "|"Comedy"|47|"G"|0,99|19,99|72,79
"Cincinatti Whisperer"|"English             "|"Sci-Fi"|143|"NC-17"|4,99|26,99|71,89
"Alabama Devil"|"English             "|"Horror"|114|"PG-13"|2,99|21,99|71,88
"Blindness Gun"|"English             "|"Sci-Fi"|103|"PG-13"|4,99|29,99|71,87
"Jacket Frisco"|"English             "|"Drama"|181|"PG-13"|2,99|16,99|71,84
"Weekend Personal"|"English             "|"Sci-Fi"|134|"R"|2,99|26,99|71,83
"Wedding Apollo"|"English             "|"Documentary"|70|"PG"|0,99|14,99|71,79
"Confessions Maguire"|"English             "|"Drama"|65|"PG-13"|4,99|25,99|70,87
"Saturn Name"|"English             "|"Comedy"|182|"R"|4,99|18,99|70,87
"Jeepers Wedding"|"English             "|"Classics"|84|"R"|2,99|29,99|70,87
"Ferris Mother"|"English             "|"Comedy"|142|"PG"|2,99|13,99|70,85
"Remember Diary"|"English             "|"Family"|110|"R"|2,99|15,99|70,83
"Trouble Date"|"English             "|"Travel"|61|"PG"|2,99|13,99|70,81
"Gentlemen Stage"|"English             "|"Foreign"|125|"NC-17"|2,99|22,99|70,8
"Others Soup"|"English             "|"Travel"|118|"PG"|2,99|18,99|70,8
"Amistad Midsummer"|"English             "|"New"|85|"G"|2,99|10,99|70,79
"Mallrats United"|"English             "|"Comedy"|133|"PG"|0,99|25,99|70,78
"Daughter Madigan"|"English             "|"Children"|59|"PG-13"|4,99|13,99|69,91
"Ties Hunger"|"English             "|"Children"|111|"R"|4,99|28,99|69,91
"Beast Hunchback"|"English             "|"Classics"|89|"R"|4,99|22,99|69,9
"Vampire Whale"|"English             "|"New"|126|"NC-17"|4,99|11,99|69,89
"Comforts Rush"|"English             "|"Travel"|76|"NC-17"|2,99|19,99|69,85
"Instinct Airport"|"English             "|"Sports"|116|"PG"|2,99|21,99|69,83
"Flight Lies"|"English             "|"Sports"|179|"R"|4,99|22,99|68,88
"Werewolf Lola"|"English             "|"Action"|79|"G"|4,99|19,99|68,88
"Idaho Love"|"English             "|"New"|172|"PG-13"|2,99|25,99|68,85
"Eyes Driving"|"English             "|"Sci-Fi"|172|"PG-13"|2,99|13,99|68,84
"Bringing Hysterical"|"English             "|"Comedy"|136|"PG"|2,99|14,99|68,81
"Hobbit Alien"|"English             "|"Drama"|157|"PG-13"|0,99|27,99|68,74
"Amelie Hellfighters"|"English             "|"Music"|79|"R"|4,99|23,99|67,9
"Liberty Magnificent"|"English             "|"Sports"|138|"G"|2,99|27,99|67,89
"Dinosaur Secretary"|"English             "|"Family"|63|"R"|2,99|27,99|67,81
"Goldfinger Sensibility"|"English             "|"Drama"|93|"G"|0,99|29,99|67,79
"Jumping Wrath"|"English             "|"Children"|74|"NC-17"|0,99|18,99|67,79
"Graffiti Love"|"English             "|"Sci-Fi"|117|"PG"|0,99|29,99|67,74
"Rugrats Shakespeare"|"English             "|"Action"|109|"PG-13"|0,99|16,99|67,72
"Caribbean Liberty"|"English             "|"Sports"|92|"NC-17"|4,99|16,99|66,92
"Twisted Pirates"|"English             "|"Children"|152|"PG"|4,99|23,99|66,89
"Dangerous Uptown"|"English             "|"Foreign"|121|"PG"|4,99|26,99|66,88
"Past Suicides"|"English             "|"Foreign"|157|"PG-13"|4,99|17,99|66,88
"Home Pity"|"English             "|"Music"|185|"R"|4,99|15,99|66,88
"Charade Duffel"|"English             "|"Sci-Fi"|66|"PG"|2,99|21,99|66,87
"Boiled Dares"|"English             "|"Travel"|102|"PG"|4,99|13,99|66,87
"Worst Banger"|"English             "|"Action"|185|"PG"|2,99|26,99|66,85
"Zoolander Fiction"|"English             "|"Children"|101|"R"|2,99|28,99|66,85
"Egypt Tenenbaums"|"English             "|"Horror"|85|"PG"|0,99|11,99|66,84
"Pollock Deliverance"|"English             "|"Foreign"|137|"PG"|2,99|14,99|66,82
"Wonka Sea"|"English             "|"Animation"|85|"NC-17"|2,99|24,99|66,82
"Stranger Strangers"|"English             "|"Children"|139|"G"|4,99|12,99|65,9
"Chamber Italian"|"English             "|"Music"|117|"NC-17"|4,99|14,99|65,88
"Usual Untouchables"|"English             "|"Foreign"|128|"PG-13"|4,99|21,99|65,88
"War Notting"|"English             "|"Foreign"|80|"G"|4,99|26,99|65,88
"Lonely Elephant"|"English             "|"Comedy"|67|"G"|2,99|12,99|65,87
"Chariots Conspiracy"|"English             "|"Sci-Fi"|71|"R"|2,99|29,99|65,81
"House Dynamite"|"English             "|"Family"|109|"R"|2,99|13,99|65,8
"Snowman Rollercoaster"|"English             "|"Animation"|62|"G"|0,99|27,99|65,79
"Madness Attacks"|"English             "|"Foreign"|178|"PG-13"|0,99|14,99|65,77
"Elephant Trojan"|"English             "|"Horror"|126|"PG-13"|4,99|24,99|64,9
"Fiddler Lost"|"English             "|"Sci-Fi"|75|"R"|4,99|20,99|64,9
"Gunfighter Mussolini"|"English             "|"Sports"|127|"PG-13"|2,99|9,99|64,89
"Madison Trap"|"English             "|"Documentary"|147|"R"|2,99|11,99|64,87
"Divine Resurrection"|"English             "|"Games"|100|"R"|2,99|19,99|64,85
"Swarm Gold"|"English             "|"Horror"|123|"PG-13"|0,99|12,99|64,77
"Anthem Luke"|"English             "|"Comedy"|91|"PG-13"|4,99|16,99|63,89
"Daddy Pittsburgh"|"English             "|"Comedy"|161|"G"|4,99|26,99|63,89
"Mother Oleander"|"English             "|"Sports"|103|"R"|0,99|20,99|63,87
"Bill Others"|"English             "|"Documentary"|93|"PG"|2,99|12,99|63,82
"Champion Flatliners"|"English             "|"Animation"|51|"PG"|4,99|21,99|62,9
"Games Bowfinger"|"English             "|"Travel"|119|"PG-13"|4,99|17,99|62,88
"Lovely Jingle"|"English             "|"Classics"|65|"PG"|2,99|18,99|62,87
"Potter Connecticut"|"English             "|"Animation"|115|"PG"|2,99|16,99|62,85
"Reap Unfaithful"|"English             "|"Horror"|136|"PG-13"|2,99|26,99|62,84
"Gaslight Crusade"|"English             "|"Horror"|106|"PG"|2,99|10,99|62,84
"Driver Annie"|"English             "|"Sports"|159|"PG-13"|2,99|11,99|62,84
"Neighbors Charade"|"English             "|"Sports"|161|"R"|0,99|20,99|62,83
"Lebowski Soldiers"|"English             "|"Drama"|69|"PG-13"|2,99|17,99|62,82
"Wrong Behavior"|"English             "|"Children"|178|"PG-13"|2,99|10,99|62,8
"Detective Vision"|"English             "|"Classics"|143|"PG-13"|0,99|16,99|62,76
"Loathing Legally"|"English             "|"Classics"|140|"R"|0,99|29,99|62,74
"Casualties Encino"|"English             "|"Action"|179|"G"|4,99|16,99|61,92
"Wyoming Storm"|"English             "|"New"|100|"PG-13"|4,99|29,99|61,89
"Insider Arizona"|"English             "|"Music"|78|"NC-17"|2,99|17,99|61,83
"Alone Trip"|"English             "|"Music"|82|"R"|0,99|14,99|61,83
"Pond Seattle"|"English             "|"Animation"|185|"PG-13"|2,99|25,99|61,82
"Excitement Eve"|"English             "|"Action"|51|"G"|0,99|20,99|61,8
"Divide Monster"|"English             "|"Sci-Fi"|68|"PG-13"|2,99|13,99|61,8
"Orange Grapes"|"English             "|"Foreign"|76|"PG-13"|0,99|21,99|61,78
"Spartacus Cheaper"|"English             "|"Family"|52|"NC-17"|4,99|19,99|60,91
"Opus Ice"|"English             "|"Foreign"|102|"R"|4,99|21,99|60,9
"Noon Papi"|"English             "|"Children"|57|"G"|2,99|12,99|60,85
"Earring Instinct"|"English             "|"Family"|98|"R"|0,99|22,99|60,83
"Sinners Atlantis"|"English             "|"Horror"|126|"PG-13"|2,99|19,99|60,81
"Dynamite Tarzan"|"English             "|"Classics"|141|"PG-13"|0,99|27,99|60,77
"Family Sweet"|"English             "|"Horror"|155|"R"|0,99|24,99|60,73
"King Evolution"|"English             "|"Family"|184|"NC-17"|4,99|24,99|59,92
"Jingle Sagebrush"|"English             "|"Classics"|124|"PG-13"|4,99|29,99|59,89
"Born Spinal"|"English             "|"Travel"|179|"PG"|4,99|17,99|59,88
"Jaws Harry"|"English             "|"Comedy"|112|"G"|2,99|10,99|59,87
"Nemo Campus"|"English             "|"Sci-Fi"|131|"NC-17"|2,99|23,99|59,86
"Manchurian Curtain"|"English             "|"Family"|177|"PG"|2,99|27,99|59,86
"Artist Coldblooded"|"English             "|"Sports"|170|"NC-17"|2,99|10,99|59,86
"Honey Ties"|"English             "|"Sports"|84|"R"|0,99|29,99|59,84
"Clones Pinocchio"|"English             "|"Music"|124|"R"|2,99|16,99|59,83
"Barefoot Manchurian"|"English             "|"Action"|129|"G"|2,99|15,99|59,83
"Homicide Peach"|"English             "|"Family"|141|"PG-13"|2,99|21,99|59,82
"Smile Earring"|"English             "|"Travel"|60|"G"|2,99|29,99|58,9
"Sweet Brotherhood"|"English             "|"Travel"|185|"R"|2,99|27,99|58,89
"Nash Chocolat"|"English             "|"Animation"|180|"PG-13"|2,99|21,99|58,87
"Doom Dancing"|"English             "|"Comedy"|68|"R"|0,99|13,99|58,83
"Fury Murder"|"English             "|"Children"|178|"PG-13"|0,99|28,99|58,83
"Fiction Christmas"|"English             "|"Foreign"|72|"PG"|0,99|14,99|58,81
"Chicken Hellfighters"|"English             "|"Documentary"|122|"PG"|0,99|24,99|58,81
"Packer Madigan"|"English             "|"Animation"|84|"PG-13"|0,99|20,99|58,8
"Hills Neighbors"|"English             "|"Action"|93|"G"|0,99|29,99|58,79
"Lambs Cincinatti"|"English             "|"Games"|144|"PG-13"|4,99|18,99|57,9
"October Submarine"|"English             "|"Classics"|54|"PG-13"|4,99|10,99|57,9
"Temple Attraction"|"English             "|"Horror"|71|"PG"|4,99|13,99|57,9
"Sierra Divide"|"English             "|"Sports"|135|"NC-17"|0,99|12,99|57,85
"Fireball Philadelphia"|"English             "|"Comedy"|148|"PG"|0,99|25,99|57,81
"Brannigan Sunrise"|"English             "|"New"|121|"PG"|4,99|27,99|56,91
"Element Freddy"|"English             "|"Comedy"|115|"NC-17"|4,99|28,99|56,9
"Opposite Necklace"|"English             "|"Family"|92|"PG"|4,99|9,99|56,89
"Meet Chocolate"|"English             "|"Foreign"|80|"G"|2,99|26,99|56,89
"Massage Image"|"English             "|"Animation"|161|"PG"|2,99|11,99|56,89
"Fugitive Maguire"|"English             "|"Travel"|83|"R"|4,99|28,99|56,89
"Bowfinger Gables"|"English             "|"Horror"|72|"NC-17"|4,99|19,99|56,89
"Identity Lover"|"English             "|"Sci-Fi"|119|"PG-13"|2,99|12,99|56,88
"Turn Star"|"English             "|"Animation"|80|"G"|2,99|10,99|56,88
"Creatures Shakespeare"|"English             "|"Games"|139|"NC-17"|0,99|23,99|56,84
"Boulevard Mob"|"English             "|"New"|63|"R"|0,99|11,99|56,84
"Cider Desire"|"English             "|"Documentary"|101|"PG"|2,99|9,99|56,83
"River Outlaw"|"English             "|"Sports"|149|"PG-13"|0,99|29,99|56,82
"Double Wrath"|"English             "|"Animation"|177|"R"|0,99|28,99|56,79
"Grapes Fury"|"English             "|"Foreign"|155|"G"|0,99|20,99|56,77
"State Wasteland"|"English             "|"Games"|113|"NC-17"|2,99|13,99|55,89
"Beach Heartbreakers"|"English             "|"Documentary"|122|"G"|2,99|16,99|55,86
"Analyze Hoosiers"|"English             "|"Horror"|181|"R"|2,99|19,99|55,86
"Mummy Creatures"|"English             "|"Sports"|160|"NC-17"|0,99|15,99|55,85
"Greek Everyone"|"English             "|"Foreign"|176|"PG"|2,99|11,99|55,83
"Straight Hours"|"English             "|"Sports"|151|"R"|0,99|19,99|55,81
"Magnificent Chitty"|"English             "|"Classics"|53|"R"|2,99|27,99|54,92
"Lover Truman"|"English             "|"Classics"|75|"G"|2,99|29,99|54,91
"Ali Forever"|"English             "|"Horror"|150|"PG"|4,99|21,99|54,91
"Monsoon Cause"|"English             "|"Games"|182|"PG"|4,99|20,99|54,91
"Racer Egg"|"English             "|"Drama"|147|"NC-17"|2,99|19,99|54,83
"Outfield Massacre"|"English             "|"Music"|129|"NC-17"|0,99|18,99|54,82
"Dalmations Sweden"|"English             "|"Drama"|106|"PG"|0,99|25,99|54,82
"Tights Dawn"|"English             "|"Sports"|172|"R"|0,99|14,99|54,76
"Bird Independence"|"English             "|"Travel"|163|"G"|4,99|14,99|53,91
"Nuts Ties"|"English             "|"New"|145|"NC-17"|4,99|10,99|53,91
"Frisco Forrest"|"English             "|"Sci-Fi"|51|"PG"|4,99|23,99|53,91
"Circus Youth"|"English             "|"Children"|90|"PG-13"|2,99|13,99|53,86
"Jade Bunch"|"English             "|"Sports"|174|"NC-17"|2,99|21,99|53,85
"Perfect Groove"|"English             "|"Comedy"|82|"PG-13"|2,99|17,99|53,84
"Fight Jawbreaker"|"English             "|"Animation"|91|"R"|0,99|13,99|53,8
"Mockingbird Hollywood"|"English             "|"Action"|60|"PG"|0,99|27,99|53,78
"Ace Goldfinger"|"English             "|"Horror"|48|"G"|4,99|12,99|52,93
"Guys Falcon"|"English             "|"Sci-Fi"|84|"R"|4,99|20,99|52,92
"Doubtfire Labyrinth"|"English             "|"Foreign"|154|"R"|4,99|16,99|52,91
"Vanilla Day"|"English             "|"Games"|122|"NC-17"|4,99|20,99|52,91
"Right Cranes"|"English             "|"Classics"|153|"PG-13"|4,99|29,99|52,9
"Sensibility Rear"|"English             "|"Family"|98|"PG"|4,99|15,99|52,9
"Purple Movie"|"English             "|"Foreign"|88|"R"|2,99|9,99|52,88
"Shane Darkness"|"English             "|"Travel"|93|"PG"|2,99|22,99|52,87
"Patriot Roman"|"English             "|"Action"|65|"PG"|2,99|12,99|52,85
"Willow Tracy"|"English             "|"Family"|137|"R"|2,99|22,99|52,85
"Gilmore Boiled"|"English             "|"Classics"|163|"R"|0,99|29,99|52,76
"Panic Club"|"English             "|"Horror"|102|"G"|4,99|15,99|51,93
"North Tequila"|"English             "|"Documentary"|67|"NC-17"|4,99|9,99|51,91
"Pilot Hoosiers"|"English             "|"Family"|50|"PG"|2,99|17,99|51,86
"Rouge Squad"|"English             "|"Games"|118|"NC-17"|0,99|10,99|51,84
"Moulin Wake"|"English             "|"Travel"|79|"PG-13"|0,99|20,99|51,84
"Enough Raging"|"English             "|"Travel"|158|"NC-17"|2,99|16,99|51,84
"Anaconda Confessions"|"English             "|"Animation"|92|"R"|0,99|9,99|51,82
"Karate Moon"|"English             "|"Horror"|120|"PG-13"|0,99|21,99|51,8
"Chisum Behavior"|"English             "|"Family"|124|"G"|4,99|25,99|50,9
"Iron Moon"|"English             "|"Classics"|46|"PG"|4,99|27,99|50,9
"Lost Bird"|"English             "|"Foreign"|98|"PG-13"|2,99|21,99|50,9
"Window Side"|"English             "|"Travel"|85|"R"|2,99|25,99|50,89
"Reunion Witches"|"English             "|"Drama"|63|"R"|0,99|26,99|50,82
"Annie Identity"|"English             "|"Sci-Fi"|86|"G"|0,99|15,99|50,81
"Sun Confessions"|"English             "|"Sci-Fi"|141|"R"|0,99|9,99|50,77
"Bound Cheaper"|"English             "|"Classics"|98|"PG"|0,99|17,99|50,76
"Handicap Boondock"|"English             "|"Action"|108|"R"|0,99|28,99|50,76
"Valley Packer"|"English             "|"Comedy"|73|"G"|0,99|21,99|49,88
"Exorcist Sting"|"English             "|"Sports"|167|"G"|2,99|17,99|49,88
"Mask Peach"|"English             "|"New"|123|"NC-17"|2,99|26,99|49,86
"Heaven Freedom"|"English             "|"Comedy"|48|"PG"|2,99|19,99|49,85
"Novocaine Flight"|"English             "|"Sports"|64|"G"|0,99|11,99|49,82
"Chocolat Harry"|"English             "|"Family"|101|"NC-17"|0,99|16,99|49,81
"Dancing Fever"|"English             "|"Documentary"|144|"G"|0,99|25,99|49,76
"Park Citizen"|"English             "|"Action"|109|"PG-13"|4,99|14,99|48,94
"Madigan Dorado"|"English             "|"Travel"|116|"R"|4,99|20,99|48,92
"Gosford Donnie"|"English             "|"Action"|129|"G"|4,99|17,99|48,92
"Mod Secretary"|"English             "|"Documentary"|77|"NC-17"|4,99|20,99|48,91
"Rider Caddyshack"|"English             "|"Sports"|177|"PG"|2,99|28,99|48,89
"Monster Spartacus"|"English             "|"Music"|107|"PG"|2,99|28,99|48,86
"Varsity Trip"|"English             "|"New"|85|"NC-17"|2,99|14,99|48,84
"Rock Instinct"|"English             "|"Horror"|102|"G"|0,99|28,99|48,83
"Kick Savannah"|"English             "|"Travel"|179|"PG-13"|0,99|10,99|48,83
"Sleuth Orient"|"English             "|"Games"|87|"NC-17"|0,99|25,99|48,81
"Slums Duck"|"English             "|"Family"|147|"PG"|0,99|21,99|48,78
"Sense Greek"|"English             "|"Sports"|54|"R"|4,99|23,99|47,93
"Reds Pocus"|"English             "|"Music"|182|"PG-13"|4,99|23,99|47,92
"Kramer Chocolate"|"English             "|"Sports"|171|"R"|2,99|24,99|47,91
"African Egg"|"English             "|"Thriller"|130|"G"|2,99|22,99|47,89
"Dirty Ace"|"English             "|"Games"|147|"NC-17"|2,99|29,99|47,87
"Madre Gables"|"English             "|"Games"|98|"PG-13"|2,99|27,99|47,87
"Worker Tarzan"|"English             "|"Travel"|139|"R"|2,99|26,99|47,86
"Gables Metropolis"|"English             "|"Family"|161|"PG"|0,99|17,99|47,83
"Haunting Pianist"|"English             "|"Games"|181|"R"|0,99|22,99|47,8
"Virginian Pluto"|"English             "|"Documentary"|164|"R"|0,99|22,99|47,75
"Wonderful Drop"|"English             "|"Foreign"|126|"NC-17"|2,99|20,99|46,92
"Grosse Wonderful"|"English             "|"Music"|49|"R"|4,99|19,99|46,92
"Trainspotting Strangers"|"English             "|"Comedy"|132|"PG-13"|4,99|10,99|46,91
"Stage World"|"English             "|"Comedy"|85|"PG"|2,99|19,99|46,9
"Alley Evolution"|"English             "|"Foreign"|180|"NC-17"|2,99|23,99|46,87
"Town Ark"|"English             "|"Foreign"|136|"R"|2,99|17,99|46,87
"Shrunk Divine"|"English             "|"Action"|139|"R"|2,99|14,99|46,87
"Troopers Metal"|"English             "|"New"|115|"R"|0,99|20,99|46,86
"Caddyshack Jedi"|"English             "|"Action"|52|"NC-17"|0,99|17,99|46,86
"Indian Love"|"English             "|"Family"|135|"NC-17"|0,99|26,99|46,85
"Newton Labyrinth"|"English             "|"Foreign"|75|"PG"|0,99|9,99|46,84
"Gunfight Moon"|"English             "|"Comedy"|70|"NC-17"|0,99|16,99|46,79
"Clerks Angels"|"English             "|"Documentary"|164|"G"|4,99|15,99|45,94
"Casper Dragonfly"|"English             "|"Children"|163|"PG-13"|4,99|16,99|45,93
"Bugsy Song"|"English             "|"Foreign"|119|"G"|2,99|17,99|45,91
"Lolita World"|"English             "|"Family"|155|"NC-17"|2,99|25,99|45,91
"Darkness War"|"English             "|"Drama"|99|"NC-17"|2,99|24,99|45,88
"Uprising Uptown"|"English             "|"Action"|174|"NC-17"|2,99|16,99|45,87
"Pirates Roxanne"|"English             "|"Sports"|100|"PG"|0,99|20,99|45,81
"Crusade Honey"|"English             "|"Sports"|112|"R"|2,99|27,99|44,93
"Speed Suit"|"English             "|"Travel"|124|"PG-13"|4,99|19,99|44,92
"Darling Breaking"|"English             "|"Games"|165|"PG-13"|4,99|20,99|44,92
"Ship Wonderland"|"English             "|"Documentary"|104|"R"|2,99|15,99|44,86
"Hours Rage"|"English             "|"New"|122|"NC-17"|0,99|14,99|44,82
"Anything Savannah"|"English             "|"Horror"|82|"R"|2,99|27,99|43,92
"Drop Waterfront"|"English             "|"Sports"|178|"R"|4,99|20,99|43,92
"Potluck Mixed"|"English             "|"Animation"|179|"G"|2,99|10,99|43,9
"Microcosmos Paradise"|"English             "|"Children"|105|"PG-13"|2,99|22,99|43,88
"Cyclone Family"|"English             "|"Foreign"|176|"PG"|2,99|18,99|43,87
"Personal Ladybugs"|"English             "|"Music"|118|"PG-13"|0,99|19,99|43,87
"Shanghai Tycoon"|"English             "|"Travel"|47|"PG"|2,99|20,99|43,86
"Freaky Pocus"|"English             "|"Music"|126|"R"|2,99|16,99|43,86
"United Pilot"|"English             "|"Documentary"|164|"R"|0,99|27,99|43,85
"Go Purple"|"English             "|"Music"|54|"R"|0,99|12,99|43,83
"Pacific Amistad"|"English             "|"Documentary"|144|"G"|0,99|27,99|43,81
"Goldmine Tycoon"|"English             "|"Sci-Fi"|153|"R"|0,99|20,99|43,76
"Ishtar Rocketeer"|"English             "|"Animation"|79|"R"|4,99|24,99|42,94
"Run Pacific"|"English             "|"New"|145|"R"|0,99|25,99|42,91
"Wars Pluto"|"English             "|"Documentary"|128|"G"|2,99|15,99|42,9
"Modern Dorado"|"English             "|"Documentary"|74|"PG"|0,99|20,99|42,88
"Express Lonely"|"English             "|"Sci-Fi"|178|"R"|2,99|23,99|42,88
"Scissorhands Slums"|"English             "|"Foreign"|147|"G"|2,99|13,99|42,88
"Entrapment Satisfaction"|"English             "|"Action"|176|"R"|0,99|19,99|42,87
"Stock Glass"|"English             "|"New"|160|"PG"|2,99|10,99|42,87
"Uncut Suicides"|"English             "|"Music"|172|"PG-13"|2,99|29,99|42,87
"Graduate Lord"|"English             "|"Children"|156|"G"|2,99|14,99|42,87
"Lock Rear"|"English             "|"Travel"|120|"R"|2,99|10,99|42,86
"Kwai Homeward"|"English             "|"Drama"|46|"PG-13"|0,99|25,99|42,8
"Voyage Legally"|"English             "|"Classics"|78|"PG-13"|0,99|28,99|42,75
"Storm Happiness"|"English             "|"Animation"|57|"NC-17"|0,99|28,99|42,74
"Punk Divorce"|"English             "|"Animation"|100|"PG"|4,99|18,99|41,93
"Miracle Virtual"|"English             "|"Animation"|162|"PG-13"|2,99|19,99|41,92
"Hotel Happiness"|"English             "|"Foreign"|181|"PG-13"|4,99|28,99|41,92
"Hoosiers Birdcage"|"English             "|"Foreign"|176|"G"|2,99|12,99|41,92
"Breaking Home"|"English             "|"New"|169|"PG-13"|2,99|21,99|41,9
"Speakeasy Date"|"English             "|"Action"|165|"PG-13"|2,99|22,99|41,89
"Party Knock"|"English             "|"Comedy"|107|"PG"|2,99|11,99|41,88
"Date Speed"|"English             "|"Family"|104|"R"|0,99|19,99|41,88
"Labyrinth League"|"English             "|"Children"|46|"PG-13"|2,99|24,99|41,87
"Armageddon Lost"|"English             "|"Sci-Fi"|99|"G"|0,99|10,99|41,8
"Baby Hall"|"English             "|"Foreign"|153|"NC-17"|4,99|23,99|40,93
"Eve Resurrection"|"English             "|"New"|66|"G"|4,99|25,99|40,93
"Clue Grail"|"English             "|"Music"|70|"NC-17"|4,99|27,99|40,93
"Tarzan Videotape"|"English             "|"Horror"|91|"PG-13"|2,99|11,99|40,92
"Matrix Snowman"|"English             "|"Foreign"|56|"PG-13"|4,99|9,99|40,92
"Grail Frankenstein"|"English             "|"Action"|85|"NC-17"|2,99|17,99|40,92
"Platoon Instinct"|"English             "|"New"|132|"PG-13"|4,99|10,99|40,92
"Frida Slipper"|"English             "|"Foreign"|73|"R"|2,99|11,99|40,9
"Paris Weekend"|"English             "|"Horror"|121|"PG-13"|2,99|19,99|40,88
"Hunting Musketeers"|"English             "|"Family"|65|"NC-17"|2,99|24,99|40,88
"Forever Candidate"|"English             "|"Children"|131|"NC-17"|2,99|28,99|40,88
"Wasteland Divine"|"English             "|"Classics"|85|"PG"|2,99|18,99|40,88
"Groove Fiction"|"English             "|"Sports"|111|"NC-17"|0,99|13,99|40,83
"Tramp Others"|"English             "|"Comedy"|171|"PG"|0,99|27,99|40,82
"Banger Pinocchio"|"English             "|"Music"|113|"R"|0,99|15,99|40,8
"Effect Gladiator"|"English             "|"Family"|107|"PG"|0,99|14,99|40,79
"Splendor Patton"|"English             "|"Children"|134|"R"|0,99|20,99|40,79
"Pocus Pulp"|"English             "|"Documentary"|138|"NC-17"|0,99|15,99|40,75
"Terminator Club"|"English             "|"Music"|88|"R"|4,99|11,99|39,94
"Jersey Sassy"|"English             "|"Children"|60|"PG"|4,99|16,99|39,94
"Intolerable Intentions"|"English             "|"Documentary"|63|"PG-13"|4,99|20,99|39,93
"Fire Wolves"|"English             "|"Games"|173|"R"|4,99|18,99|39,93
"Hollow Jeopardy"|"English             "|"Sci-Fi"|136|"NC-17"|4,99|25,99|39,92
"Legally Secretary"|"English             "|"Children"|113|"PG"|4,99|14,99|39,92
"Rollercoaster Bringing"|"English             "|"Horror"|153|"PG-13"|2,99|13,99|39,91
"Lord Arizona"|"English             "|"Action"|108|"PG-13"|2,99|27,99|39,9
"Hamlet Wisdom"|"English             "|"Sci-Fi"|146|"R"|2,99|21,99|39,88
"Spinal Rocky"|"English             "|"Family"|138|"PG-13"|2,99|12,99|39,87
"Pajama Jawbreaker"|"English             "|"Classics"|126|"R"|0,99|14,99|39,86
"Cabin Flash"|"English             "|"Children"|53|"NC-17"|0,99|25,99|39,86
"Disciple Mother"|"English             "|"Travel"|141|"PG"|0,99|17,99|39,82
"Mourning Purple"|"English             "|"Sci-Fi"|146|"PG"|0,99|14,99|39,81
"Italian African"|"English             "|"Travel"|174|"G"|4,99|24,99|38,94
"Records Zorro"|"English             "|"Sports"|182|"PG"|4,99|11,99|38,93
"Spiking Element"|"English             "|"Classics"|79|"G"|2,99|12,99|38,88
"Midnight Westward"|"English             "|"Action"|86|"G"|0,99|19,99|38,84
"Club Graffiti"|"English             "|"Animation"|65|"PG-13"|0,99|12,99|38,82
"Encounters Curtain"|"English             "|"Drama"|92|"NC-17"|0,99|20,99|38,82
"Women Dorado"|"English             "|"Action"|126|"R"|0,99|23,99|38,81
"Crooked Frogmen"|"English             "|"Children"|143|"PG-13"|0,99|27,99|38,79
"Pianist Outfield"|"English             "|"New"|136|"NC-17"|0,99|25,99|38,78
"Graceland Dynamite"|"English             "|"Sports"|140|"R"|4,99|26,99|37,94
"Life Twisted"|"English             "|"Comedy"|137|"NC-17"|2,99|9,99|37,92
"Vertigo Northwest"|"English             "|"Comedy"|90|"R"|2,99|17,99|37,92
"Godfather Diary"|"English             "|"New"|73|"NC-17"|2,99|14,99|37,92
"Snatchers Montezuma"|"English             "|"Classics"|74|"PG-13"|2,99|14,99|37,91
"Prix Undefeated"|"English             "|"Family"|115|"R"|2,99|13,99|37,9
"Shrek License"|"English             "|"Foreign"|154|"PG-13"|2,99|15,99|37,88
"Roots Remember"|"English             "|"Classics"|89|"PG-13"|0,99|23,99|37,86
"Joon Northwest"|"English             "|"Sports"|105|"NC-17"|0,99|23,99|37,84
"Coast Rainbow"|"English             "|"Documentary"|55|"PG"|0,99|20,99|37,82
"Caper Motions"|"English             "|"Comedy"|176|"G"|0,99|22,99|37,77
"Alaska Phantom"|"English             "|"Music"|136|"PG"|0,99|22,99|37,77
"Early Home"|"English             "|"Animation"|96|"NC-17"|4,99|27,99|36,94
"Elizabeth Shane"|"English             "|"Sports"|152|"NC-17"|4,99|11,99|36,93
"Soldiers Evolution"|"English             "|"Sci-Fi"|185|"R"|4,99|27,99|36,93
"Drumline Cyclone"|"English             "|"Travel"|110|"G"|0,99|14,99|36,9
"Army Flintstones"|"English             "|"Documentary"|148|"R"|0,99|22,99|36,86
"Necklace Outbreak"|"English             "|"Drama"|132|"PG"|0,99|21,99|36,86
"Majestic Floats"|"English             "|"Documentary"|130|"PG"|0,99|15,99|36,85
"Sundance Invasion"|"English             "|"Children"|92|"NC-17"|0,99|21,99|36,82
"Intrigue Worst"|"English             "|"Foreign"|181|"G"|0,99|10,99|36,81
"Insects Stone"|"English             "|"Animation"|123|"NC-17"|0,99|14,99|36,81
"Shootist Superfly"|"English             "|"Drama"|67|"PG-13"|0,99|22,99|36,77
"Westward Seabiscuit"|"English             "|"Classics"|52|"NC-17"|0,99|11,99|36,75
"Primary Glass"|"English             "|"Action"|53|"G"|0,99|16,99|36,73
"School Jacket"|"English             "|"Foreign"|151|"PG-13"|4,99|21,99|35,94
"Frontier Cabin"|"English             "|"New"|183|"PG-13"|4,99|14,99|35,94
"Bubble Grosse"|"English             "|"Sports"|60|"R"|4,99|20,99|35,94
"President Bang"|"English             "|"Family"|144|"PG"|4,99|12,99|35,94
"Glass Dying"|"English             "|"Action"|103|"G"|0,99|24,99|35,88
"Fantasy Troopers"|"English             "|"Action"|58|"PG-13"|0,99|27,99|35,79
"Moon Bunch"|"English             "|"Foreign"|83|"PG"|0,99|20,99|35,74
"Story Side"|"English             "|"Action"|163|"R"|0,99|27,99|35,74
"Elf Murder"|"English             "|"Music"|155|"NC-17"|4,99|19,99|34,94
"Adaptation Holes"|"English             "|"Documentary"|50|"NC-17"|2,99|18,99|34,89
"Magnolia Forrester"|"English             "|"Action"|171|"PG-13"|0,99|28,99|34,89
"Illusion Amelie"|"English             "|"Foreign"|122|"R"|0,99|15,99|34,87
"Donnie Alley"|"English             "|"Animation"|125|"NC-17"|0,99|20,99|34,87
"Taxi Kick"|"English             "|"Music"|64|"PG-13"|0,99|23,99|34,83
"Independence Hotel"|"English             "|"Documentary"|157|"NC-17"|0,99|21,99|34,82
"Carrie Bunch"|"English             "|"Horror"|114|"PG"|0,99|11,99|34,77
"Curtain Videotape"|"English             "|"Games"|133|"PG-13"|0,99|27,99|34,77
"Earth Vision"|"English             "|"New"|85|"NC-17"|0,99|29,99|34,77
"Talented Homicide"|"English             "|"Sports"|173|"PG"|0,99|9,99|34,76
"Fever Empire"|"English             "|"Games"|158|"R"|4,99|20,99|33,95
"Cranes Reservoir"|"English             "|"Sports"|57|"NC-17"|2,99|12,99|33,91
"Maguire Apache"|"English             "|"Family"|74|"NC-17"|2,99|22,99|33,91
"Wagon Jaws"|"English             "|"Documentary"|152|"PG"|2,99|17,99|33,91
"Blanket Beverly"|"English             "|"Family"|148|"G"|2,99|21,99|33,9
"Mile Mulan"|"English             "|"Sports"|64|"PG"|0,99|10,99|33,89
"Splash Gump"|"English             "|"Family"|175|"PG"|0,99|16,99|33,86
"Watch Tracy"|"English             "|"Animation"|78|"PG"|0,99|12,99|33,85
"Lion Uncut"|"English             "|"Comedy"|50|"PG"|0,99|13,99|33,83
"Academy Dinosaur"|"English             "|"Documentary"|86|"PG"|0,99|20,99|33,79
"Wind Phantom"|"English             "|"Games"|111|"R"|0,99|12,99|33,79
"Tequila Past"|"English             "|"Children"|53|"PG"|4,99|17,99|32,94
"Heavenly Gun"|"English             "|"Music"|49|"NC-17"|4,99|13,99|32,94
"Bulworth Commandments"|"English             "|"Games"|61|"G"|2,99|14,99|32,93
"Stone Fire"|"English             "|"Travel"|94|"G"|0,99|19,99|32,9
"Lucky Flying"|"English             "|"Music"|97|"PG-13"|2,99|10,99|32,9
"Maker Gables"|"English             "|"Children"|136|"PG-13"|0,99|12,99|32,9
"Saddle Antitrust"|"English             "|"Comedy"|80|"PG-13"|2,99|10,99|32,89
"Robbery Bright"|"English             "|"Family"|134|"R"|0,99|21,99|32,88
"Stampede Disturbing"|"English             "|"Games"|75|"R"|0,99|26,99|32,86
"Summer Scarface"|"English             "|"Classics"|53|"G"|0,99|25,99|32,86
"Volcano Texas"|"English             "|"Games"|157|"NC-17"|0,99|27,99|32,81
"Amadeus Holy"|"English             "|"Action"|113|"PG"|0,99|20,99|32,8
"Desperate Trainspotting"|"English             "|"Travel"|81|"G"|4,99|29,99|31,94
"Dozen Lion"|"English             "|"Documentary"|177|"NC-17"|4,99|20,99|31,94
"Haunted Antitrust"|"English             "|"Travel"|76|"NC-17"|4,99|13,99|31,94
"Control Anthem"|"English             "|"Comedy"|185|"G"|4,99|9,99|31,94
"Saints Bride"|"English             "|"Drama"|125|"G"|2,99|11,99|31,92
"Destination Jerk"|"English             "|"Drama"|76|"PG-13"|0,99|19,99|31,92
"Random Go"|"English             "|"Sci-Fi"|73|"NC-17"|2,99|29,99|31,91
"Feathers Metal"|"English             "|"Games"|104|"PG-13"|0,99|12,99|31,91
"Mighty Luck"|"English             "|"Documentary"|122|"PG"|2,99|13,99|31,9
"Song Hedwig"|"English             "|"Music"|165|"PG-13"|0,99|29,99|31,9
"Hedwig Alter"|"English             "|"Comedy"|169|"NC-17"|2,99|16,99|31,9
"Natural Stock"|"English             "|"Family"|50|"PG-13"|0,99|24,99|31,88
"Rings Heartbreakers"|"English             "|"Action"|58|"G"|0,99|17,99|31,87
"Bonnie Holocaust"|"English             "|"Documentary"|63|"G"|0,99|29,99|31,85
"Voice Peach"|"English             "|"New"|139|"PG-13"|0,99|22,99|31,83
"Outbreak Divine"|"English             "|"Games"|169|"NC-17"|0,99|12,99|31,82
"Chainsaw Uptown"|"English             "|"Sci-Fi"|114|"PG"|0,99|25,99|31,81
"Congeniality Quest"|"English             "|"Sports"|87|"PG-13"|0,99|21,99|31,81
"Feud Frogmen"|"English             "|"Family"|98|"R"|0,99|29,99|31,8
"Seven Swarm"|"English             "|"Games"|127|"R"|4,99|15,99|30,95
"Blood Argonauts"|"English             "|"Family"|71|"G"|0,99|13,99|30,93
"Jumanji Blade"|"English             "|"New"|121|"G"|2,99|13,99|30,92
"Mulan Moon"|"English             "|"Comedy"|160|"G"|0,99|10,99|30,89
"Theory Mermaid"|"English             "|"Animation"|184|"PG-13"|0,99|9,99|30,88
"Factory Dragon"|"English             "|"Travel"|144|"PG-13"|0,99|9,99|30,85
"Cheaper Clyde"|"English             "|"Sci-Fi"|87|"G"|0,99|23,99|30,83
"Mars Roman"|"English             "|"Games"|62|"NC-17"|0,99|21,99|30,83
"Alter Victory"|"English             "|"Animation"|57|"PG-13"|0,99|27,99|30,8
"Gun Bonnie"|"English             "|"Games"|100|"G"|0,99|27,99|30,79
"Alamo Videotape"|"English             "|"Foreign"|126|"G"|0,99|16,99|30,78
"Halloween Nuts"|"English             "|"Documentary"|47|"PG-13"|2,99|19,99|29,92
"Gone Trouble"|"English             "|"Drama"|84|"R"|2,99|20,99|29,92
"Wisdom Worker"|"English             "|"Comedy"|98|"R"|0,99|12,99|29,91
"Reservoir Adaptation"|"English             "|"Foreign"|61|"PG-13"|2,99|29,99|29,91
"Santa Paris"|"English             "|"Children"|154|"PG"|2,99|23,99|29,9
"Uptown Young"|"English             "|"Children"|84|"PG"|2,99|16,99|29,9
"Side Ark"|"English             "|"Action"|52|"G"|0,99|28,99|29,88
"Roxanne Rebel"|"English             "|"Games"|171|"R"|0,99|9,99|29,83
"Blade Polish"|"English             "|"Drama"|114|"PG-13"|0,99|10,99|29,81
"Chill Luck"|"English             "|"Drama"|142|"PG"|0,99|17,99|29,79
"Cowboy Doom"|"English             "|"Foreign"|146|"PG"|2,99|10,99|28,93
"Luke Mummy"|"English             "|"Animation"|74|"NC-17"|2,99|21,99|28,93
"Untouchables Sunrise"|"English             "|"Documentary"|120|"NC-17"|2,99|11,99|28,93
"Dwarfs Alter"|"English             "|"Games"|101|"G"|2,99|13,99|28,92
"Chitty Lock"|"English             "|"Drama"|107|"G"|2,99|24,99|28,92
"Won Dares"|"English             "|"Music"|105|"PG"|2,99|18,99|28,91
"Jeopardy Encino"|"English             "|"Classics"|102|"R"|0,99|12,99|28,9
"Tootsie Pilot"|"English             "|"Children"|157|"PG"|0,99|10,99|28,88
"Dances None"|"English             "|"Action"|58|"NC-17"|0,99|22,99|28,87
"Louisiana Harry"|"English             "|"Family"|70|"PG-13"|0,99|18,99|28,84
"Celebrity Horn"|"English             "|"Action"|110|"PG-13"|0,99|24,99|28,79
"Shepherd Midsummer"|"English             "|"Children"|113|"R"|0,99|14,99|28,77
"Informer Double"|"English             "|"Foreign"|74|"NC-17"|4,99|23,99|27,95
"Squad Fish"|"English             "|"Sports"|136|"PG"|2,99|14,99|27,93
"Antitrust Tomatoes"|"English             "|"Action"|168|"NC-17"|2,99|11,99|27,93
"Papi Necklace"|"English             "|"Travel"|128|"PG"|0,99|9,99|27,93
"Dolls Rage"|"English             "|"Sci-Fi"|120|"PG-13"|2,99|10,99|27,92
"Mob Duffel"|"English             "|"Drama"|105|"G"|0,99|25,99|27,9
"Dragon Squad"|"English             "|"Action"|170|"NC-17"|0,99|26,99|27,89
"Minority Kiss"|"English             "|"Music"|59|"G"|0,99|16,99|27,89
"Rear Trading"|"English             "|"Action"|97|"NC-17"|0,99|23,99|27,85
"Cleopatra Devil"|"English             "|"New"|150|"PG-13"|0,99|26,99|27,85
"Room Roman"|"English             "|"Animation"|60|"PG"|0,99|27,99|27,82
"Highball Potter"|"English             "|"Foreign"|110|"R"|0,99|10,99|27,81
"Canyon Stock"|"English             "|"Animation"|85|"R"|0,99|26,99|27,81
"Encino Elf"|"English             "|"Games"|143|"G"|0,99|9,99|27,81
"Grease Youth"|"English             "|"Family"|135|"G"|0,99|20,99|27,8
"Private Drop"|"English             "|"Games"|106|"PG"|4,99|26,99|26,95
"Dares Pluto"|"English             "|"Animation"|89|"PG-13"|2,99|16,99|26,92
"Pet Haunting"|"English             "|"Foreign"|99|"PG"|0,99|11,99|26,92
"Unfaithful Kill"|"English             "|"Drama"|78|"R"|2,99|12,99|26,92
"Crazy Home"|"English             "|"Comedy"|136|"PG"|2,99|24,99|26,91
"Finding Anaconda"|"English             "|"Family"|156|"R"|0,99|10,99|26,9
"Evolution Alter"|"English             "|"Sports"|174|"PG-13"|0,99|10,99|26,88
"Christmas Moonshine"|"English             "|"Children"|150|"NC-17"|0,99|21,99|26,81
"Empire Malkovich"|"English             "|"Children"|177|"G"|0,99|26,99|26,81
"Bunch Minds"|"English             "|"Drama"|63|"G"|2,99|13,99|25,95
"Pizza Jumanji"|"English             "|"Games"|173|"NC-17"|2,99|11,99|25,94
"Desire Alien"|"English             "|"Animation"|76|"NC-17"|2,99|24,99|25,92
"Motions Details"|"English             "|"Horror"|166|"PG"|0,99|16,99|25,87
"Translation Summer"|"English             "|"Drama"|168|"PG-13"|0,99|10,99|25,87
"Borrowers Bedazzled"|"English             "|"Animation"|63|"G"|0,99|22,99|25,8
"Roman Punk"|"English             "|"Music"|81|"NC-17"|0,99|28,99|25,79
"Train Bunch"|"English             "|"Horror"|71|"R"|4,99|26,99|24,96
"Apocalypse Flamingos"|"English             "|"New"|119|"R"|4,99|11,99|24,95
"Hunter Alter"|"English             "|"Documentary"|125|"PG-13"|2,99|21,99|24,95
"Traffic Hobbit"|"English             "|"Travel"|139|"G"|4,99|13,99|24,95
"Bed Highball"|"English             "|"Documentary"|106|"NC-17"|2,99|23,99|24,94
"World Leathernecks"|"English             "|"Horror"|171|"PG-13"|0,99|13,99|24,92
"Diary Panic"|"English             "|"Drama"|107|"G"|2,99|20,99|24,92
"Oleander Clue"|"English             "|"Music"|161|"PG"|0,99|12,99|24,91
"Notorious Reunion"|"English             "|"Documentary"|128|"NC-17"|0,99|9,99|24,87
"Drums Dynamite"|"English             "|"Horror"|96|"PG"|0,99|11,99|24,87
"Slipper Fidelity"|"English             "|"Sports"|156|"PG-13"|0,99|14,99|24,86
"Resurrection Silverado"|"English             "|"Family"|117|"PG"|0,99|12,99|24,81
"Masked Bubble"|"English             "|"Music"|151|"PG-13"|0,99|12,99|24,81
"Deceiver Betrayed"|"English             "|"Drama"|122|"NC-17"|0,99|22,99|24,8
"Wolves Desire"|"English             "|"Travel"|55|"NC-17"|0,99|13,99|24,79
"Doctor Grail"|"English             "|"Children"|57|"G"|2,99|29,99|23,95
"Mannequin Worst"|"English             "|"New"|71|"PG-13"|2,99|18,99|23,95
"Cassidy Wyoming"|"English             "|"Travel"|61|"NC-17"|2,99|19,99|23,94
"Chaplin License"|"English             "|"New"|146|"NC-17"|2,99|26,99|23,92
"Clyde Theory"|"English             "|"New"|139|"PG-13"|0,99|29,99|23,92
"Birdcage Casper"|"English             "|"Music"|103|"NC-17"|0,99|23,99|23,91
"Reef Salute"|"English             "|"Horror"|123|"NC-17"|0,99|26,99|23,89
"Jungle Closer"|"English             "|"New"|134|"NC-17"|0,99|11,99|23,88
"Homeward Cider"|"English             "|"Documentary"|103|"R"|0,99|19,99|23,84
"Holocaust Highball"|"English             "|"Children"|149|"R"|0,99|12,99|23,84
"Lesson Cleopatra"|"English             "|"Sports"|167|"NC-17"|0,99|28,99|22,94
"Extraordinary Conquerer"|"English             "|"Classics"|122|"G"|2,99|29,99|22,94
"Happiness United"|"English             "|"Foreign"|100|"G"|2,99|23,99|22,94
"Newsies Story"|"English             "|"Documentary"|159|"G"|0,99|25,99|22,93
"Bang Kwai"|"English             "|"Family"|87|"NC-17"|2,99|25,99|22,93
"Shining Roses"|"English             "|"Travel"|125|"G"|0,99|12,99|22,92
"Savannah Town"|"English             "|"Drama"|84|"PG-13"|0,99|25,99|22,9
"Everyone Craft"|"English             "|"Foreign"|163|"PG"|0,99|29,99|22,89
"Wrath Mile"|"English             "|"Documentary"|176|"NC-17"|0,99|17,99|22,87
"Love Suicides"|"English             "|"Horror"|181|"R"|0,99|21,99|22,85
"Unforgiven Zoolander"|"English             "|"Sci-Fi"|129|"PG"|0,99|15,99|22,84
"Dracula Crystal"|"English             "|"Classics"|176|"G"|0,99|26,99|22,81
"Divorce Shining"|"English             "|"Sports"|47|"G"|2,99|21,99|21,95
"Killer Innocent"|"English             "|"Family"|161|"R"|2,99|11,99|21,94
"Leathernecks Dwarfs"|"English             "|"Travel"|153|"PG-13"|2,99|21,99|21,94
"Phantom Glory"|"English             "|"New"|60|"NC-17"|2,99|17,99|21,94
"Warlock Werewolf"|"English             "|"Children"|83|"G"|2,99|10,99|21,94
"Luck Opus"|"English             "|"Drama"|152|"NC-17"|2,99|21,99|21,93
"Mulholland Beast"|"English             "|"Foreign"|157|"PG"|2,99|13,99|21,93
"Arabia Dogma"|"English             "|"Horror"|62|"NC-17"|0,99|29,99|21,88
"Citizen Shrek"|"English             "|"Sci-Fi"|165|"G"|0,99|18,99|21,87
"Vietnam Smoochy"|"English             "|"Drama"|174|"PG-13"|0,99|27,99|21,86
"Bull Shawshank"|"English             "|"Action"|125|"NC-17"|0,99|21,99|21,84
"Patient Sister"|"English             "|"Classics"|99|"NC-17"|0,99|29,99|21,82
"Duck Racer"|"English             "|"Animation"|116|"NC-17"|2,99|15,99|20,95
"Music Boondock"|"English             "|"Family"|129|"R"|0,99|17,99|20,83
"Jedi Beneath"|"English             "|"Family"|128|"PG"|0,99|12,99|20,82
"Bride Intrigue"|"English             "|"Action"|56|"G"|0,99|24,99|20,82
"Gathering Calendar"|"English             "|"Games"|176|"PG-13"|0,99|22,99|19,9
"Monterey Labyrinth"|"English             "|"Horror"|158|"G"|0,99|13,99|19,89
"Sorority Queen"|"English             "|"Foreign"|184|"NC-17"|0,99|17,99|19,88
"Hunger Roof"|"English             "|"Foreign"|105|"G"|0,99|21,99|19,88
"Tenenbaums Command"|"English             "|"Drama"|99|"PG-13"|0,99|24,99|19,88
"Odds Boogie"|"English             "|"Family"|48|"NC-17"|0,99|14,99|19,87
"Tomatoes Hellfighters"|"English             "|"Travel"|68|"PG"|0,99|23,99|19,86
"Rushmore Mermaid"|"English             "|"Comedy"|150|"PG-13"|2,99|17,99|18,94
"Menagerie Rushmore"|"English             "|"Animation"|147|"G"|2,99|18,99|18,94
"Simon North"|"English             "|"Horror"|51|"NC-17"|0,99|26,99|18,94
"Impact Aladdin"|"English             "|"Music"|180|"PG-13"|0,99|20,99|18,92
"Spoilers Hellfighters"|"English             "|"Documentary"|151|"G"|0,99|26,99|18,91
"Spirited Casualties"|"English             "|"Sci-Fi"|138|"PG-13"|0,99|20,99|18,9
"Language Cowboy"|"English             "|"Children"|78|"NC-17"|0,99|26,99|18,9
"Craft Outfield"|"English             "|"Drama"|64|"NC-17"|0,99|17,99|18,86
"Polish Brooklyn"|"English             "|"Children"|61|"PG"|0,99|12,99|18,85
"License Weekend"|"English             "|"Sci-Fi"|91|"NC-17"|2,99|28,99|17,94
"Ladybugs Armageddon"|"English             "|"Games"|113|"NC-17"|0,99|13,99|17,94
"Magic Mallrats"|"English             "|"Children"|117|"PG"|0,99|19,99|17,93
"Mystic Truman"|"English             "|"Comedy"|92|"NC-17"|0,99|19,99|17,92
"Holy Tadpole"|"English             "|"Classics"|88|"R"|0,99|20,99|17,92
"Gilbert Pelican"|"English             "|"Classics"|114|"G"|0,99|13,99|17,91
"Ending Crowds"|"English             "|"New"|85|"NC-17"|0,99|10,99|17,9
"Streak Ridgemont"|"English             "|"Documentary"|132|"PG-13"|0,99|28,99|17,87
"Anonymous Human"|"English             "|"Sports"|179|"NC-17"|0,99|12,99|17,87
"Hook Chariots"|"English             "|"Animation"|49|"G"|0,99|23,99|17,87
"Pride Alamo"|"English             "|"Animation"|114|"NC-17"|0,99|20,99|17,85
"Smoking Barbarella"|"English             "|"Documentary"|50|"PG-13"|0,99|13,99|17,84
"Conspiracy Spirit"|"English             "|"Classics"|184|"PG-13"|2,99|27,99|16,95
"Braveheart Human"|"English             "|"Family"|176|"PG-13"|2,99|14,99|16,95
"Full Flatliners"|"English             "|"Children"|94|"PG"|2,99|14,99|16,95
"Youth Kick"|"English             "|"Music"|179|"NC-17"|0,99|14,99|16,94
"Superfly Trip"|"English             "|"Travel"|114|"PG"|0,99|27,99|16,91
"Beneath Rush"|"English             "|"Children"|53|"NC-17"|0,99|27,99|16,9
"Frogmen Breaking"|"English             "|"Travel"|111|"R"|0,99|17,99|16,9
"Mosquito Armageddon"|"English             "|"Sports"|57|"G"|0,99|22,99|16,89
"Loverboy Attacks"|"English             "|"New"|162|"PG-13"|0,99|19,99|16,89
"Beethoven Exorcist"|"English             "|"Drama"|151|"PG-13"|0,99|26,99|16,89
"Gandhi Kwai"|"English             "|"Family"|86|"PG-13"|0,99|9,99|16,87
"Siege Madre"|"English             "|"Family"|111|"R"|0,99|23,99|16,86
"Hardly Robbers"|"English             "|"Documentary"|72|"R"|2,99|15,99|15,96
"Mixed Doors"|"English             "|"Foreign"|180|"PG-13"|2,99|26,99|15,96
"Mussolini Spoilers"|"English             "|"Sports"|180|"G"|2,99|10,99|15,95
"Wild Apollo"|"English             "|"New"|181|"R"|0,99|24,99|15,94
"Lawrence Love"|"English             "|"Action"|175|"NC-17"|0,99|23,99|15,87
"Silence Kane"|"English             "|"Music"|67|"R"|0,99|23,99|15,85
"Glory Tracy"|"English             "|"Games"|115|"PG-13"|2,99|13,99|14,95
"Sling Luke"|"English             "|"Classics"|84|"R"|0,99|10,99|14,94
"Vanished Garden"|"English             "|"New"|142|"R"|0,99|17,99|14,94
"Runner Madigan"|"English             "|"Music"|101|"NC-17"|0,99|27,99|14,92
"Crow Grease"|"English             "|"Action"|104|"PG"|0,99|22,99|14,89
"Bedazzled Married"|"English             "|"Family"|73|"PG"|0,99|21,99|14,88
"Sassy Packer"|"English             "|"Games"|154|"G"|0,99|29,99|14,88
"Smoochy Control"|"English             "|"Sports"|184|"R"|0,99|18,99|14,88
"Greedy Roots"|"English             "|"Drama"|166|"R"|0,99|14,99|14,87
"Spirit Flintstones"|"English             "|"Horror"|149|"R"|0,99|23,99|14,86
"Watership Frontier"|"English             "|"Horror"|112|"G"|0,99|28,99|13,94
"Dumbo Lust"|"English             "|"Family"|119|"NC-17"|0,99|17,99|13,94
"Kane Exorcist"|"English             "|"Foreign"|92|"R"|0,99|18,99|13,88
"Hollywood Anonymous"|"English             "|"Children"|69|"PG"|0,99|29,99|13,87
"Hawk Chill"|"English             "|"Documentary"|47|"PG-13"|0,99|12,99|12,94
"Legend Jedi"|"English             "|"Music"|59|"PG"|0,99|18,99|12,92
"Notting Speakeasy"|"English             "|"Drama"|48|"PG-13"|0,99|19,99|12,91
"Victory Academy"|"English             "|"Sports"|64|"PG-13"|0,99|19,99|12,91
"Valentine Vanishing"|"English             "|"Travel"|48|"PG-13"|0,99|9,99|12,9
"Vision Torque"|"English             "|"Foreign"|59|"PG-13"|0,99|16,99|11,94
"Runaway Tenenbaums"|"English             "|"New"|181|"NC-17"|0,99|17,99|11,93
"Sunset Racer"|"English             "|"Family"|48|"NC-17"|0,99|28,99|11,93
"Soup Wisdom"|"English             "|"Family"|169|"R"|0,99|12,99|11,93
"Montezuma Command"|"English             "|"Action"|126|"NC-17"|0,99|22,99|11,91
"Clockwork Paradise"|"English             "|"Children"|143|"PG-13"|0,99|29,99|11,9
"Zhivago Core"|"English             "|"Horror"|105|"NC-17"|0,99|10,99|10,93
"Maude Mod"|"English             "|"Foreign"|72|"R"|0,99|20,99|10,93
"Jawbreaker Brooklyn"|"English             "|"Music"|118|"PG"|0,99|15,99|10,91
"Towers Hurricane"|"English             "|"Classics"|144|"NC-17"|0,99|14,99|10,91
"Comancheros Enemy"|"English             "|"Children"|67|"R"|0,99|23,99|9,94
"Ballroom Mockingbird"|"English             "|"Foreign"|173|"G"|0,99|29,99|9,93
"Connection Microcosmos"|"English             "|"Comedy"|115|"G"|0,99|25,99|8,95
"Harold French"|"English             "|"Drama"|168|"NC-17"|0,99|10,99|8,93
"Ghostbusters Elf"|"English             "|"Animation"|101|"R"|0,99|18,99|8,93
"Japanese Run"|"English             "|"Horror"|135|"G"|0,99|29,99|7,94
"Stallion Sundance"|"English             "|"Sci-Fi"|130|"PG-13"|0,99|23,99|7,94
"Lights Deer"|"English             "|"Classics"|174|"R"|0,99|21,99|7,93
"Cruelty Unforgiven"|"English             "|"Classics"|69|"G"|0,99|29,99|6,94
"Treatment Jekyll"|"English             "|"Drama"|87|"PG"|0,99|19,99|6,94
"Rebel Airport"|"English             "|"Music"|73|"G"|0,99|24,99|6,93
"Young Language"|"English             "|"Documentary"|183|"G"|0,99|9,99|6,93
"Freedom Cleopatra"|"English             "|"Comedy"|133|"PG-13"|0,99|23,99|5,95
"Oklahoma Jumanji"|"English             "|"New"|58|"PG"|0,99|15,99|5,94
"Duffel Apocalypse"|"English             "|"Documentary"|171|"G"|0,99|13,99|5,94
"Texas Watch"|"English             "|"Horror"|179|"NC-17"|0,99|22,99|5,94
